Stegen38/Stegen38_activelayer_soil_T7_12m_S540_L001_R1_001.fastq.gz
Shade23/Shade23_Cen17_12102015_S455_L001_R1_001.fastq.gz
Mousseau88/Mousseau88_FIN_145_S657_L001_R1_001.fastq.gz
Stegen38/Stegen38_activelayer_soil_T6_40m_S700_L001_R1_001.fastq.gz
Bowen74/Bowen74_sed1_S65_L001_R1_001.fastq.gz
Mousseau88/Mousseau88_FIN_106_S646_L001_R1_001.fastq.gz
Mousseau88/Mousseau88_FIN_K7_S281_L001_R1_001.fastq.gz
Thomas18/Thomas18_IRC1tis_S608_L001_R1_001.fastq.gz
Stegen38/Stegen38_activelayer_soil_T5_60m_S672_L001_R1_001.fastq.gz
Thomas18/Thomas18_CAR2bac_S591_L001_R1_001.fastq.gz
Stegen38/Stegen38_activelayer_soil_T5_52m_S525_L001_R1_001.fastq.gz
Distel72/Distel72_BS_1_Gill_S286_L001_R1_001.fastq.gz
Mayer33/Mayer33_sediment_5_S411_L001_R1_001.fastq.gz
Palenik42/Palenik42_Seawater_8_S541_L001_R1_001.fastq.gz
Sandin54/Sandin54_Blanton_host_associated_11_S148_L001_R1_001.fastq.gz
Palenik42/Palenik42_Seawater_9_S430_L001_R1_001.fastq.gz
Mousseau88/Mousseau88_USC_553_S389_L001_R1_001.fastq.gz
Rohwer85/Rohwer85_deep_sediment_AP3_S297_L001_R1_001.fastq.gz
Mousseau88/Mousseau88_USC_541_S269_L001_R1_001.fastq.gz
Bittleston68/Bittleston68_Namp1_S321_L001_R1_001.fastq.gz
Myrold59/Myrold59_soil_6_NRCS0166_S534_L001_R1_001.fastq.gz
Berry2/Berry2_sediment_Un51_S629_L001_R1_001.fastq.gz
Uren82/Uren82_plant_associated_1_S22_L001_R1_001.fastq.gz
Mousseau88/Mousseau88_FIN_K18_S533_L001_R1_001.fastq.gz
Palenik42/Palenik42_Seawater_13_S193_L001_R1_001.fastq.gz
Girguis50/Girguis50_HumpbackAK3_S220_L001_R1_001.fastq.gz
Shade23/Shade23_Cen19_12102015_S668_L001_R1_001.fastq.gz
Pinto63/Pinto63_gardenbotton_4_S303_L001_R1_001.fastq.gz
Mousseau88/Mousseau88_FIN_143_S661_L001_R1_001.fastq.gz
RoyChowdhury45/RoyChowdhury45_soil_23_SO4_9_S761_L001_R1_001.fastq.gz
Mousseau88/Mousseau88_FIN_365_S589_L001_R1_001.fastq.gz
Thomas18/Thomas18_CLI1bac_S484_L001_R1_001.fastq.gz
RoyChowdhury45/RoyChowdhury45_soil_15_SO2_s1_S678_L001_R1_001.fastq.gz
Distel72/Distel72_BS_Frass_1_S283_L001_R1_001.fastq.gz
RoyChowdhury45/RoyChowdhury45_soil_21_SO4_1_S489_L001_R1_001.fastq.gz
Sandin54/Sandin54_Blanton_host_associated_7_S84_L001_R1_001.fastq.gz
Makhalanyane46/Makhalanyane46_TGP13_S390_L001_R1_001.fastq.gz
Girguis50/Girguis50_FinBP3_S379_L001_R1_001.fastq.gz
Song53/Song53_24100_S271_L001_R1_001.fastq.gz
Shade23/Shade23_Cen15_12102015_S511_L001_R1_001.fastq.gz
Myrold59/Myrold59_soil_16_NRCS0371_S738_L001_R1_001.fastq.gz
Stewart26/Stewart26_NH1410_water_6_S167_L001_R1_001.fastq.gz
Uren82/Uren82_plant_associated_7_S225_L001_R1_001.fastq.gz
Tucker58/Tucker58_DOE_water_BW3_S298_L001_R1_001.fastq.gz
Stegen38/Stegen38_activelayer_soil_T5_20m_S754_L001_R1_001.fastq.gz
Tucker58/Tucker58_DOE_water_SIU12_S90_L001_R1_001.fastq.gz
Girguis50/Girguis50_FinBP4_S52_L001_R1_001.fastq.gz
Mousseau88/Mousseau88_FIN_99_S621_L001_R1_001.fastq.gz
Song75/Song75_24535_S327_L001_R1_001.fastq.gz